n,rep,alpha,df,sw_TAVIE,sw_MFVI,sw_DADVI,sw_ADVI_mf,sw_ADVI_fr,time_NUTS,time_TAVIE,time_MFVI,time_DADVI,time_ADVI_mf,time_ADVI_fr,num_true_samples
200,1,1.0,5,0.009149003889448913,0.024765017241694956,0.007193370802205607,0.29734035269805864,0.22517645910882345,11.068657290999997,0.009973792000003812,0.005758791000005203,1.4504704170000053,5.967689834000005,8.428760042,8000
200,2,1.0,5,0.01083373748013705,0.01898421550457258,0.01197971755574472,0.7998057731249484,0.4074799424719688,9.073233500000008,0.005629290999991099,0.003196000000002641,0.8827087090000134,1.5578429999999912,5.753612165999996,8000
200,3,1.0,5,0.010266148391314577,0.018995790199499162,0.009327358650933697,0.8965348988854825,0.23419599471141395,9.087234625000008,0.005148542000000589,0.003653584000005594,0.8637652079999896,0.9821157920000019,8.104624291000007,8000
200,4,1.0,5,0.008985983256151768,0.022349389940171244,0.011826716251536886,0.3617375170627934,0.42722470353873315,8.740054874999998,0.004736459000000082,0.002816999999993186,0.8682003329999901,4.3412580000000105,6.0620850829999995,8000
200,5,1.0,5,0.01067345250619561,0.01644541832918565,0.01656182691555144,0.1834245231876533,0.42235050770965166,9.549556208000013,0.006091749999995955,0.0032765409999910844,0.9104820420000124,6.566674042000017,5.21043533400001,8000
200,6,1.0,5,0.009650222567001281,0.020985663460329006,0.006357832478558311,0.41301055781856366,0.27796744926093153,9.347559000000018,0.005865792000008696,0.0037073339999835753,0.8565425830000208,3.896775458999997,6.865706708000005,8000
200,7,1.0,5,0.010317914112805233,0.017430972367513335,0.010371012623289929,0.27601062360246376,0.3552429797178764,8.646577083000011,0.0048810000000116815,0.0036545410000030643,0.8282108749999963,4.744098750000006,5.829744667,8000
200,8,1.0,5,0.010662560433216518,0.01962807594057414,0.013098889017187478,0.35249983654963807,0.2550546712025813,9.740893499999999,0.006241499999987354,0.005300916000010147,1.0245244589999913,6.1965576670000075,8.382257834,8000
200,9,1.0,5,0.009064403250888477,0.021896643201145247,0.006928581237965629,0.24160617649734575,0.5197355632969208,11.814586584000011,0.013160333000001856,0.009324416999987761,1.2332809170000019,6.245910125000023,4.3195514580000065,8000
200,10,1.0,5,0.009783625320843665,0.02196511791802257,0.011905323599755671,0.8977418606560518,0.6615554347732703,8.565680750000013,0.005485042000032081,0.003609249999954045,0.8463235420000501,0.9839681670000004,3.2677758329999733,8000
500,1,1.0,5,0.005502604440308583,0.010159170750537199,0.003992689970189479,0.42009954577616754,0.3848674061383134,9.809486832999994,0.0057696670000382255,0.0035121249999860993,0.9547402090000219,3.6832129999999665,5.570987416999969,8000
500,2,1.0,5,0.005610870825345072,0.008276799189235372,0.0042644841406096765,0.3037222230961679,0.21387679942748433,9.45022045799999,0.006597583000029772,0.0037557919999926526,0.9438476249999894,4.903611791999992,8.243203999999992,8000
500,3,1.0,5,0.005599196054636749,0.008174052103884841,0.007475534082610896,0.2150282690634375,0.6689757205856172,9.721783500000015,0.007886250000012751,0.009619874999998501,0.9555251250000083,5.618909709000036,2.950476041999991,8000
500,4,1.0,5,0.005073976268948423,0.009020766156801927,0.00403302878800645,0.7896566184864116,0.8134627288506553,9.720784209000044,0.007098666999979741,0.004495584000039798,0.9161680830000023,1.589967209000008,2.1212013329999877,8000
500,5,1.0,5,0.0051389619625107855,0.007840979902753937,0.007927881011194836,0.8052574087159959,0.9388333893664174,9.337040749999971,0.006056291000049896,0.003425542000002224,0.9094678330000079,1.4267869170000154,1.201772333000008,8000
500,6,1.0,5,0.005014992223880819,0.008995677007906745,0.008384085197770227,0.5125612242799078,0.3022439448577816,9.731696209000006,0.005787124999983462,0.0035894999999754873,0.9258891250000261,3.0930934160000447,6.387095041000009,8000
500,7,1.0,5,0.006027103794260723,0.008087596353130331,0.00786979126986738,0.7436384562442633,0.7812845890387935,9.367798125000036,0.005870708000031755,0.003714042000012796,1.2319746670000313,1.737345041000026,1.8885883330000297,8000
500,8,1.0,5,0.005340165756116657,0.00940131007825097,0.006604604334283878,0.8861764495012932,0.7045598195647954,9.734594291999997,0.006467083000018192,0.0044082079999725465,1.1251285000000166,1.128447584000014,2.839907750000009,8000
500,9,1.0,5,0.005583541516271797,0.008408411008747707,0.0065168792509928564,0.17427725694351484,0.6302547647003676,10.653896959000008,0.006781959000022653,0.004076791999978013,1.0139738750000333,6.793716125000003,3.2097330409999927,8000
500,10,1.0,5,0.005403030261440682,0.008409134864184237,0.007894706584225754,0.28414794096074014,0.18241371794642375,9.325241750000032,0.005626707999965674,0.003349458999991839,1.4775402079999935,5.168318750000026,11.005430957999977,8000
1000,1,1.0,5,0.0035992600848548085,0.004924525403075077,0.003129812535256705,0.20947884715274467,0.35456324812005824,11.374611000000016,0.007932832999927086,0.005023416999961228,1.0438249999999698,5.7937427499999785,5.726898207999966,8000
1000,2,1.0,5,0.0033562645873804805,0.005058157082534948,0.005169993388536349,0.9605468921957149,0.22284603964043753,10.652755959000046,0.008194833999937146,0.005370957999957682,1.0152229159999706,1.0150145840000278,8.506487375000006,8000
1000,3,1.0,5,0.00344036594908064,0.005541056436700529,0.004195799956798026,0.18483348556190976,0.6480629111762857,11.21465466699999,0.008647916999962035,0.005234665999978461,1.0472092080000266,6.325496000000044,3.6620155410000734,8000
1000,4,1.0,5,0.0032637317586465564,0.005060212956924468,0.005431941122909041,0.5734555849326566,0.1823777332483119,10.827368000000092,0.008860749999939799,0.004890082999963852,1.752876707999917,3.1239530829999467,8.978941458000008,8000
1000,5,1.0,5,0.0036388306786421126,0.005099673025301526,0.003971439262553322,0.21264960946551753,0.17825085286496115,11.868372790999956,0.009640708999995695,0.0053580830000328206,1.0995626669999865,6.315278124999963,9.886147832999995,8000
1000,6,1.0,5,0.00359461793689363,0.005130569543733825,0.00385801703294743,0.6927664124904309,0.5973774327918887,11.010976084000049,0.007752374999995482,0.0050796250000075815,0.9738096250000581,1.9804635000000417,3.4502269160000196,8000
1000,7,1.0,5,0.0035540707111005837,0.0053610839392093474,0.003236366594451038,0.47059633163886755,0.431963995708095,10.653888958000039,0.00807495900005506,0.004769667000005029,1.1519562089999908,3.4137879579999435,5.13236100000006,8000
1000,8,1.0,5,0.003624623208236575,0.005682710832593821,0.003850416642735238,0.2796197597997084,0.1952708556576802,11.509667541999988,0.007862625000029766,0.00498616699997001,1.0373646250000093,4.8333020840000245,8.537671374999945,8000
1000,9,1.0,5,0.003452359199910741,0.004908155233102611,0.003665452357194546,0.6383344232567436,0.43178850156830734,10.735349584000005,0.007759792000001653,0.004902249999986452,1.0526477500000055,2.235902874999965,4.899922417000084,8000
1000,10,1.0,5,0.003284022264230834,0.00486736065545351,0.003188587160397319,0.5121469909035132,0.35753873823101845,11.114202874999933,0.008090041999935238,0.005120250000004489,1.02105537500006,3.1789124580000134,6.120547458000033,8000
2000,1,1.0,5,0.002346797660936179,0.0030785364185110424,0.0022931940443592456,0.18188118345734222,0.490000364655033,13.167863666000017,0.011663042000009227,0.0063675000000102955,1.909379749999971,6.716645457999903,4.7621731670000145,8000
2000,2,1.0,5,0.002543686969889767,0.0030900363452195574,0.00288073970413527,0.4255662079378239,0.907563417775174,13.556076249999933,0.018770208999967508,0.015409332999979597,1.3035302089999732,3.618426583000087,1.7320393749999994,8000
2000,3,1.0,5,0.002531766743301911,0.0030363484401924818,0.003024235257239616,0.750073433480542,0.2960302549739825,13.154300124999963,0.018568542000025445,0.006612499999960164,1.6826632919999156,1.6613742079999838,6.487583375000099,8000
2000,4,1.0,5,0.0024647215374298675,0.002911344860756508,0.003773066097341051,0.4480163044179069,0.23472677511186021,13.001142875000028,0.013369375000024775,0.006933791000051315,1.1741778330000443,3.559398834000035,7.726682500000038,8000
2000,5,1.0,5,0.002272239290677834,0.002944409939459307,0.005965416731948139,0.17759552686281746,0.1786936375188833,13.331503666999993,0.01244770799996786,0.006460625000045184,2.5925720840000395,7.901217374999987,9.790635249999923,8000
2000,6,1.0,5,0.002491300559954987,0.003033685722490646,0.00267850270867619,0.97008137668712,0.27981203187411063,13.246477166999966,0.018741792000014357,0.013806708999936745,1.529890708000039,0.8640471249999564,7.0845297500000015,8000
2000,7,1.0,5,0.0023522230836956768,0.0030921132862050697,0.0030691254000471233,0.8287395590182203,0.21666085066446708,13.593636875000016,0.011312333000091712,0.006621291999977075,1.184585458000015,1.5783135829999537,8.448864749999984,8000
2000,8,1.0,5,0.0025226187425546353,0.003117660931801885,0.003856858563335759,0.14594929746072346,0.14506499859834274,14.105771790999938,0.011177791999898545,0.006674958000076003,1.1887128750000784,7.977200917000005,12.517126500000018,8000
2000,9,1.0,5,0.002354831833414757,0.002953916999620404,0.0030179708322708105,0.29560696712104173,0.511660173849948,13.530223666999973,0.012140625000029104,0.006266416000016761,1.163055874999941,4.607608041999924,4.549253709000141,8000
2000,10,1.0,5,0.0025243579453023157,0.0029689065891661953,0.002381083644340751,0.18107069854963054,0.5842169989344218,13.03047708300005,0.010639916000172889,0.00628583399998206,1.1489148750001732,6.817313333000129,3.834855207999908,8000
